{"cameraMode":{"drawMode":0,"name":"Shaded","section":"Shading Mode"},"sceneLighting":false,"audioPlay":false,"sceneViewState":{"showFog":true,"showMaterialUpdate":false,"showSkybox":false,"showFlares":true,"showImageEffects":true,"showParticleSystems":true},"in2DMode":false,"pivot":{"x":0.0016411840915679932,"y":0.016401834785938264,"z":0.003379764035344124},"rotation":{"x":0.07020088285207749,"y":0.5630853176116943,"z":0.048094138503074649,"w":-0.8220151662826538},"size":0.0571671724319458,"orthographic":false}