{"cameraMode":{"drawMode":0,"name":"Shaded","section":"Shading Mode"},"sceneLighting":true,"audioPlay":false,"sceneViewState":{"showFog":true,"showMaterialUpdate":false,"showSkybox":true,"showFlares":true,"showImageEffects":true,"showParticleSystems":true},"in2DMode":false,"pivot":{"x":-1.1873115301132203,"y":0.06695502251386643,"z":-0.008144042454659939},"rotation":{"x":-0.03618546575307846,"y":-0.0772809386253357,"z":0.0028192992322146894,"w":-0.99636310338974},"size":0.019875049591064454,"orthographic":false}