{"cameraMode":{"drawMode":0,"name":"Shaded","section":"Shading Mode"},"sceneLighting":false,"audioPlay":false,"sceneViewState":{"showFog":false,"showMaterialUpdate":false,"showSkybox":false,"showFlares":false,"showImageEffects":false,"showParticleSystems":false},"in2DMode":false,"pivot":{"x":-2.384185791015625e-7,"y":0.017033308744430543,"z":0.0},"rotation":{"x":0.7966426014900208,"y":0.0028721855487674476,"z":-0.003883457975462079,"w":0.6045900583267212},"size":3.358304738998413,"orthographic":false}