{"cameraMode":{"drawMode":0,"name":"Shaded","section":"Shading Mode"},"sceneLighting":false,"audioPlay":false,"sceneViewState":{"showFog":false,"showMaterialUpdate":false,"showSkybox":false,"showFlares":false,"showImageEffects":false,"showParticleSystems":false},"in2DMode":false,"pivot":{"x":-1.30385160446167e-8,"y":0.018644418567419053,"z":-0.0008024917915463448},"rotation":{"x":0.015258939936757088,"y":-0.33166253566741946,"z":-0.005416260100901127,"w":-0.9432868957519531},"size":0.09847085177898407,"orthographic":false}