{"cameraMode":{"drawMode":0,"name":"Shaded","section":"Shading Mode"},"sceneLighting":true,"audioPlay":false,"sceneViewState":{"showFog":false,"showMaterialUpdate":false,"showSkybox":false,"showFlares":false,"showImageEffects":false,"showParticleSystems":false},"in2DMode":false,"pivot":{"x":0.3685964345932007,"y":-0.011776119470596314,"z":-0.4989229440689087},"rotation":{"x":-0.47513487935066225,"y":-0.2851997911930084,"z":0.16602875292301179,"w":-0.815711259841919},"size":0.3073950409889221,"orthographic":false}