{"cameraMode":{"drawMode":0,"name":"Shaded","section":"Shading Mode"},"sceneLighting":false,"audioPlay":false,"sceneViewState":{"showFog":false,"showMaterialUpdate":false,"showSkybox":false,"showFlares":false,"showImageEffects":false,"showParticleSystems":false},"in2DMode":false,"pivot":{"x":-0.6250002980232239,"y":0.10755643248558045,"z":-0.6250001192092896},"rotation":{"x":-0.529165506362915,"y":-0.3408145308494568,"z":0.2456311583518982,"w":-0.737398624420166},"size":3.8383326530456545,"orthographic":false}