{"cameraMode":{"drawMode":0,"name":"Shaded","section":"Shading Mode"},"sceneLighting":false,"audioPlay":false,"sceneViewState":{"showFog":false,"showMaterialUpdate":false,"showSkybox":false,"showFlares":false,"showImageEffects":false,"showParticleSystems":false},"in2DMode":false,"pivot":{"x":8.940696716308594e-8,"y":0.413281112909317,"z":-4.172325134277344e-7},"rotation":{"x":0.343170702457428,"y":0.2781004011631012,"z":-0.10747448354959488,"w":0.8908047080039978},"size":2.932649612426758,"orthographic":false}