{"cameraMode":{"drawMode":0,"name":"Shaded","section":"Shading Mode"},"sceneLighting":false,"audioPlay":false,"sceneViewState":{"showFog":false,"showMaterialUpdate":false,"showSkybox":false,"showFlares":false,"showImageEffects":false,"showParticleSystems":true},"in2DMode":false,"pivot":{"x":-0.004429886117577553,"y":0.020644117146730424,"z":-0.006775837391614914},"rotation":{"x":-0.02966773696243763,"y":0.9380367398262024,"z":-0.08295080065727234,"w":-0.33519572019577029},"size":0.05716720223426819,"orthographic":false}