{"cameraMode":{"drawMode":0,"name":"Shaded","section":"Shading Mode"},"sceneLighting":true,"audioPlay":false,"sceneViewState":{"showFog":false,"showMaterialUpdate":false,"showSkybox":false,"showFlares":false,"showImageEffects":false,"showParticleSystems":false},"in2DMode":false,"pivot":{"x":-0.8705674409866333,"y":-0.5892078280448914,"z":-0.08346455544233322},"rotation":{"x":-0.25081831216812136,"y":0.49026116728782656,"z":-0.1497090458869934,"w":-0.8212210536003113},"size":7.263391494750977,"orthographic":false}