{"cameraMode":{"drawMode":0,"name":"Shaded","section":"Shading Mode"},"sceneLighting":false,"audioPlay":false,"sceneViewState":{"showFog":false,"showMaterialUpdate":false,"showSkybox":false,"showFlares":false,"showImageEffects":false,"showParticleSystems":false},"in2DMode":false,"pivot":{"x":-129.3699951171875,"y":0.8560190796852112,"z":18.106529235839845},"rotation":{"x":0.5812169909477234,"y":0.25918036699295046,"z":-0.2034369707107544,"w":0.7442000508308411},"size":5.688371181488037,"orthographic":false}