{"cameraMode":{"drawMode":0,"name":"Shaded","section":"Shading Mode"},"sceneLighting":false,"audioPlay":false,"sceneViewState":{"showFog":false,"showMaterialUpdate":false,"showSkybox":false,"showFlares":false,"showImageEffects":false,"showParticleSystems":false},"in2DMode":false,"pivot":{"x":0.000002384185791015625,"y":0.880115270614624,"z":-0.035413146018981937},"rotation":{"x":-0.1090392991900444,"y":-0.5425071716308594,"z":-0.07156815379858017,"w":0.8299499154090881},"size":4.793479919433594,"orthographic":false}