{"cameraMode":{"drawMode":0,"name":"Shaded","section":"Shading Mode"},"sceneLighting":false,"audioPlay":false,"sceneViewState":{"showFog":false,"showMaterialUpdate":false,"showSkybox":false,"showFlares":false,"showImageEffects":false,"showParticleSystems":false},"in2DMode":false,"pivot":{"x":-0.014394044876098633,"y":0.506311297416687,"z":-0.04881763458251953},"rotation":{"x":-0.4464816153049469,"y":-0.2920050621032715,"z":0.1567620486021042,"w":-0.8311792612075806},"size":3.141732931137085,"orthographic":false}