{"cameraMode":{"drawMode":0,"name":"Shaded","section":"Shading Mode"},"sceneLighting":false,"audioPlay":false,"sceneViewState":{"showFog":false,"showMaterialUpdate":false,"showSkybox":false,"showFlares":false,"showImageEffects":false,"showParticleSystems":false},"in2DMode":false,"pivot":{"x":-1.634588360786438,"y":-1.0692241191864014,"z":-1.789466142654419},"rotation":{"x":0.6154484152793884,"y":-0.29572921991348269,"z":0.26702725887298586,"w":0.6801867485046387},"size":3.3000569343566896,"orthographic":false}