{"cameraMode":{"drawMode":0,"name":"Shaded","section":"Shading Mode"},"sceneLighting":false,"audioPlay":false,"sceneViewState":{"showFog":false,"showMaterialUpdate":false,"showSkybox":false,"showFlares":false,"showImageEffects":false,"showParticleSystems":false},"in2DMode":false,"pivot":{"x":-0.000011444091796875,"y":0.47794580459594729,"z":9.5367431640625e-7},"rotation":{"x":0.07177313417196274,"y":-0.9248079657554627,"z":0.304059773683548,"w":0.21745257079601289},"size":1.9972561597824097,"orthographic":false}