{"cameraMode":{"drawMode":0,"name":"Shaded","section":"Shading Mode"},"sceneLighting":false,"audioPlay":false,"sceneViewState":{"showFog":false,"showMaterialUpdate":false,"showSkybox":false,"showFlares":false,"showImageEffects":false,"showParticleSystems":false},"in2DMode":false,"pivot":{"x":-2.384185791015625e-7,"y":0.8538519144058228,"z":-0.05157783627510071},"rotation":{"x":-0.03791710361838341,"y":0.9397715330123901,"z":-0.11010666936635971,"w":-0.32158008217811587},"size":4.997404098510742,"orthographic":false}