{"cameraMode":{"drawMode":0,"name":"Shaded","section":"Shading Mode"},"sceneLighting":false,"audioPlay":false,"sceneViewState":{"showFog":false,"showMaterialUpdate":false,"showSkybox":false,"showFlares":false,"showImageEffects":false,"showParticleSystems":false},"in2DMode":false,"pivot":{"x":-144.52000427246095,"y":0.5352343916893005,"z":18.044017791748048},"rotation":{"x":0.1528359353542328,"y":-0.8331089019775391,"z":0.2796574831008911,"w":0.45234939455986025},"size":4.432062149047852,"orthographic":false}