{"cameraMode":{"drawMode":0,"name":"Shaded","section":"Shading Mode"},"sceneLighting":false,"audioPlay":false,"sceneViewState":{"showFog":false,"showMaterialUpdate":false,"showSkybox":false,"showFlares":false,"showImageEffects":false,"showParticleSystems":false},"in2DMode":false,"pivot":{"x":0.1663675755262375,"y":0.4291963577270508,"z":-3.350247383117676},"rotation":{"x":0.7966426014900208,"y":0.0028721855487674476,"z":-0.003883457975462079,"w":0.6045900583267212},"size":130.69471740722657,"orthographic":false}