{"cameraMode":{"drawMode":0,"name":"Shaded","section":"Shading Mode"},"sceneLighting":false,"audioPlay":false,"sceneViewState":{"showFog":false,"showMaterialUpdate":false,"showSkybox":false,"showFlares":false,"showImageEffects":false,"showParticleSystems":false},"in2DMode":false,"pivot":{"x":-0.9609612226486206,"y":23.5677490234375,"z":0.03609825670719147},"rotation":{"x":-0.4464816153049469,"y":-0.2920050621032715,"z":0.1567620486021042,"w":-0.8311792612075806},"size":47.251216888427737,"orthographic":false}