{"cameraMode":{"drawMode":0,"name":"Shaded","section":"Shading Mode"},"sceneLighting":false,"audioPlay":false,"sceneViewState":{"showFog":false,"showMaterialUpdate":false,"showSkybox":false,"showFlares":false,"showImageEffects":false,"showParticleSystems":false},"in2DMode":false,"pivot":{"x":0.001476723700761795,"y":0.016810886561870576,"z":-0.014661077409982682},"rotation":{"x":0.047063104808330539,"y":0.8370305895805359,"z":-0.07268925756216049,"w":0.5403717160224915},"size":0.05716720223426819,"orthographic":false}