{"cameraMode":{"drawMode":0,"name":"Shaded","section":"Shading Mode"},"sceneLighting":false,"audioPlay":false,"sceneViewState":{"showFog":false,"showMaterialUpdate":false,"showSkybox":false,"showFlares":false,"showImageEffects":false,"showParticleSystems":false},"in2DMode":false,"pivot":{"x":90.31539916992188,"y":1.8360373973846436,"z":17.309850692749025},"rotation":{"x":0.39671438932418826,"y":-0.04176947474479675,"z":0.01746460050344467,"w":0.9169350266456604},"size":44.80255126953125,"orthographic":false}