{"cameraMode":{"drawMode":0,"name":"Shaded","section":"Shading Mode"},"sceneLighting":false,"audioPlay":false,"sceneViewState":{"showFog":false,"showMaterialUpdate":false,"showSkybox":false,"showFlares":false,"showImageEffects":false,"showParticleSystems":true},"in2DMode":false,"pivot":{"x":0.20255805552005769,"y":-0.011527162976562977,"z":-0.12801070511341096},"rotation":{"x":0.023208286613225938,"y":0.9344840049743652,"z":-0.3498355746269226,"w":0.06205594539642334},"size":0.9571673274040222,"orthographic":false}