{"cameraMode":{"drawMode":0,"name":"Shaded","section":"Shading Mode"},"sceneLighting":false,"audioPlay":false,"sceneViewState":{"showFog":false,"showMaterialUpdate":false,"showSkybox":false,"showFlares":false,"showImageEffects":false,"showParticleSystems":false},"in2DMode":false,"pivot":{"x":0.02500000223517418,"y":0.02500000223517418,"z":0.008000001311302185},"rotation":{"x":0.1550426334142685,"y":0.7420021295547485,"z":-0.18363989889621736,"w":0.625931978225708},"size":0.09716805815696717,"orthographic":false}