{"cameraMode":{"drawMode":0,"name":"Shaded","section":"Shading Mode"},"sceneLighting":false,"audioPlay":false,"sceneViewState":{"showFog":false,"showMaterialUpdate":false,"showSkybox":false,"showFlares":false,"showImageEffects":false,"showParticleSystems":false},"in2DMode":false,"pivot":{"x":-0.009417302906513214,"y":0.011409744620323182,"z":0.00577949732542038},"rotation":{"x":-0.019109295681118966,"y":0.9222482442855835,"z":-0.045329563319683078,"w":-0.3836462199687958},"size":0.08574604243040085,"orthographic":false}