{"cameraMode":{"drawMode":0,"name":"Shaded","section":"Shading Mode"},"sceneLighting":false,"audioPlay":false,"sceneViewState":{"showFog":false,"showMaterialUpdate":false,"showSkybox":false,"showFlares":false,"showImageEffects":false,"showParticleSystems":false},"in2DMode":false,"pivot":{"x":1.1820368766784669,"y":0.37730836868286135,"z":-5.960464477539063e-8},"rotation":{"x":0.13472861051559449,"y":-0.865908682346344,"z":0.3529042899608612,"w":0.32827839255332949},"size":9.071532249450684,"orthographic":false}