{"cameraMode":{"drawMode":0,"name":"Shaded","section":"Shading Mode"},"sceneLighting":false,"audioPlay":false,"sceneViewState":{"showFog":false,"showMaterialUpdate":false,"showSkybox":false,"showFlares":false,"showImageEffects":false,"showParticleSystems":false},"in2DMode":false,"pivot":{"x":0.0,"y":0.8677774667739868,"z":-0.036273837089538577},"rotation":{"x":0.020789364352822305,"y":-0.7221484184265137,"z":0.02122277207672596,"w":0.6912136077880859},"size":2.356027603149414,"orthographic":false}