{"cameraMode":{"drawMode":0,"name":"Shaded","section":"Shading Mode"},"sceneLighting":false,"audioPlay":false,"sceneViewState":{"showFog":false,"showMaterialUpdate":false,"showSkybox":false,"showFlares":false,"showImageEffects":false,"showParticleSystems":false},"in2DMode":false,"pivot":{"x":-2.402200698852539,"y":1.4999995231628419,"z":-2.40220046043396},"rotation":{"x":-0.19895464181900025,"y":-0.4022013545036316,"z":0.0902148187160492,"w":-0.8892027735710144},"size":34.67964553833008,"orthographic":false}