{"cameraMode":{"drawMode":0,"name":"Shaded","section":"Shading Mode"},"sceneLighting":false,"audioPlay":false,"sceneViewState":{"showFog":false,"showMaterialUpdate":false,"showSkybox":false,"showFlares":false,"showImageEffects":false,"showParticleSystems":false},"in2DMode":false,"pivot":{"x":-4.929790496826172,"y":0.4117910861968994,"z":-5.131551742553711},"rotation":{"x":-0.3114703595638275,"y":-0.3885273337364197,"z":0.14168661832809449,"w":-0.8556391596794128},"size":24.627534866333009,"orthographic":false}