{"cameraMode":{"drawMode":0,"name":"Shaded","section":"Shading Mode"},"sceneLighting":false,"audioPlay":false,"sceneViewState":{"showFog":false,"showMaterialUpdate":false,"showSkybox":false,"showFlares":false,"showImageEffects":false,"showParticleSystems":false},"in2DMode":false,"pivot":{"x":-2.499992847442627,"y":-0.009486105293035508,"z":-2.5000009536743166},"rotation":{"x":-0.529165506362915,"y":-0.3408145308494568,"z":0.2456311583518982,"w":-0.737398624420166},"size":11.66748046875,"orthographic":false}