{"cameraMode":{"drawMode":0,"name":"Shaded","section":"Shading Mode"},"sceneLighting":false,"audioPlay":false,"sceneViewState":{"showFog":false,"showMaterialUpdate":false,"showSkybox":false,"showFlares":false,"showImageEffects":false,"showParticleSystems":false},"in2DMode":false,"pivot":{"x":0.010810613632202149,"y":3.7824902534484865,"z":-4.172325134277344e-7},"rotation":{"x":-0.1299617886543274,"y":-0.41968560218811037,"z":0.061617836356163028,"w":-0.896346390247345},"size":26.7868709564209,"orthographic":false}